Ano do Censo,Nome do Município,Código da Escola,Nome da Escola,Dependência Administrativa,Quantidade de Matriculados Ensino Médio
2017,MARICÁ,33053910,CE ELISIARIO MATTA,2,780
2017,MARICÁ,33053952,CE DOMICIO DA GAMA,2,305
2017,MARICÁ,33053995,CE PROFESSORA CACILDA SILVA,2,28
2017,MARICÁ,33054177,CE DOUTOR JOAO GOMES DE MATTOS SOBRINHO,2,506
2017,MARICÁ,33054185,CE CAIO FRANCISCO DE FIGUEIREDO,2,336
2017,MARICÁ,33054215,CE EUCLYDES PAULO DA SILVA,2,207
2017,MARICÁ,33054339,CE FRANCISCO JOSE DO NASCIMENTO,2,164
2017,MARICÁ,33096929,CIEP 391 PROFESSOR ROBSON MENDONCA LOU,2,189
2017,MARICÁ,33102414,CIEP 259 PROFESSORA MARIA DO AMPARO RANGEL DE SOUZA,2,675
2017,NITERÓI,33055467,CIEP 251 DONA MARIA PORTUGAL,2,43
2017,NITERÓI,33055610,CE AURELINO LEAL,2,1173
2017,NITERÓI,33055629,CE BALTAZAR BERNARDINO,2,210
2017,NITERÓI,33055637,CE BRIGADEIRO CASTRIOTO,2,124
2017,NITERÓI,33055645,CE CIZINIO SOARES PINTO,2,194
2017,NITERÓI,33055653,CE CONSELHEIRO MACEDO SOARES,2,370
2017,NITERÓI,33055661,CE DOUTOR LUCIANO PESTRE,2,112
2017,NITERÓI,33055670,CE FERNANDO MAGALHAES,2,160
2017,NITERÓI,33055696,CE GUILHERME BRIGGS,2,192
2017,NITERÓI,33055700,CE HILARIO RIBEIRO,2,243
2017,NITERÓI,33055726,CE JOAQUIM TAVORA,2,438
2017,NITERÓI,33055734,CE MACHADO DE ASSIS,2,202
2017,NITERÓI,33055742,CE MULLULO DA VEIGA,2,124
2017,NITERÓI,33055750,CE PAULO ASSIS RIBEIRO,2,618
2017,NITERÓI,33055769,CE RAUL VIDAL,2,570
2017,NITERÓI,33055785,CE ZULEIKA RAPOSO VALLADARES,2,144
2017,NITERÓI,33056358,CE CONSELHEIRO JOSINO,2,92
2017,NITERÓI,33056439,CE EMBAIXADOR RAUL FERNANDES,2,42
2017,NITERÓI,33056471,CE JOSE BONIFACIO,2,112
2017,NITERÓI,33056480,CE LEOPOLDO FROES,2,142
2017,NITERÓI,33056498,CE MANUEL DE ABREU,2,603
2017,NITERÓI,33056501,CE MARIA PEREIRA DAS NEVES,2,87
2017,NITERÓI,33056560,CE PINTO LIMA,2,100
2017,NITERÓI,33057010,E T E HENRIQUE LAGE,2,829
2017,NITERÓI,33057117,IE PROFESSOR ISMAEL COUTINHO,2,263
2017,NITERÓI,33057508,LICEU NILO PECANHA,2,2015
2017,NITERÓI,33057702,CE PROFESSORA ALCINA RODRIGUES LIMA,2,422
2017,NITERÓI,33057737,CE ALMIRANTE TAMANDARE,2,307
2017,NITERÓI,33057745,CE DOUTOR SOUZA SOARES,2,28
2017,NITERÓI,33096805,CIEP 449 GOVERNADOR LEONEL DE MOURA BRIZOLA BRASIL FRANCA,2,267
2017,NITERÓI,33102503,CE DAVID CAPISTRANO,2,730
2017,NITERÓI,33102520,CIEP 307 DJANIRA,2,32
2017,NITERÓI,33108579,CIEP 448 RUY FRAZAO SOARES,2,199
2017,NITERÓI,33153795,COL DA POLICIA MILITAR DO EST DO RIO DE JANEIRO,2,123
2017,NITERÓI,33172919,CE MATEMATICO JOAQUIM GOMES DE SOUSA - INTER-CULTURAL BRASIL-CHINA,2,227
2017,RIO DE JANEIRO,33062250,CE ALDEBARA,2,230
2017,RIO DE JANEIRO,33062277,CE CUBA,2,222
2017,RIO DE JANEIRO,33062340,CAIC JOAQUIM JOSE DA SILVA XAVIER - O TIRADENTES,2,269
2017,RIO DE JANEIRO,33062374,CE REVERENDO HUGH CLARENCE TUCKER,2,230
2017,RIO DE JANEIRO,33062668,CE JULIA KUBITSCHEK,2,869
2017,RIO DE JANEIRO,33062676,CE SOUZA AGUIAR,2,740
2017,RIO DE JANEIRO,33062919,CE PAULO DE FRONTIN,2,1079
2017,RIO DE JANEIRO,33062927,CE TOMAS ANTONIO GONZAGA,2,140
2017,RIO DE JANEIRO,33063052,CE MEM DE SA,2,95
2017,RIO DE JANEIRO,33063389,CE CHICO ANYSIO,2,251
2017,RIO DE JANEIRO,33063397,CE AMARO CAVALCANTI,2,1592
2017,RIO DE JANEIRO,33063400,CE MEXICO,2,17
2017,RIO DE JANEIRO,33063877,CE DEODORO,2,50
2017,RIO DE JANEIRO,33064636,CE ECA DE QUEIROS,2,44
2017,RIO DE JANEIRO,33064644,CE INFANTE DOM HENRIQUE,2,958
2017,RIO DE JANEIRO,33064652,CE PEDRO ALVARES CABRAL,2,855
2017,RIO DE JANEIRO,33064792,CE CASTELNUOVO,2,35
2017,RIO DE JANEIRO,33064849,CE ROMA,2,20
2017,RIO DE JANEIRO,33065217,CE PROFESSOR ANTONIO MARIA TEIXEIRA FILHO,2,529
2017,RIO DE JANEIRO,33065276,CE ANDRE MAUROIS,2,1674
2017,RIO DE JANEIRO,33065284,CE IGNACIO AZEVEDO DO AMARAL,2,726
2017,RIO DE JANEIRO,33066027,CE NILO PECANHA,2,154
2017,RIO DE JANEIRO,33066035,CE OLAVO BILAC,2,1153
2017,RIO DE JANEIRO,33066043,CE PROFESSOR ERNESTO FARIA,2,551
2017,RIO DE JANEIRO,33066140,CE GONCALVES DIAS,2,217
2017,RIO DE JANEIRO,33066523,INSTITUTO DE APLICACAO FERNANDO RODRIGUES DA SILVEIRA CAP-UERJ,2,238
2017,RIO DE JANEIRO,33066590,CE ANTONIO PRADO JUNIOR,2,1630
2017,RIO DE JANEIRO,33066612,CE PROFESSOR CLOVIS SALGADO,2,268
2017,RIO DE JANEIRO,33066620,CE SOARES PEREIRA,2,109
2017,RIO DE JANEIRO,33067228,ESCOLA TECNICA ESTADUAL FERREIRA VIANA,2,733
2017,RIO DE JANEIRO,33067252,INSTITUTO SUPERIOR DE EDUCACAO DO RIO DE JANEIRO,2,609
2017,RIO DE JANEIRO,33067783,CE FRANCISCO CAMPOS,2,209
2017,RIO DE JANEIRO,33067791,CE JOAO ALFREDO,2,1287
2017,RIO DE JANEIRO,33067805,CE REPUBLICA ARGENTINA,2,48
2017,RIO DE JANEIRO,33068011,CE AFONSO PENA,2,152
2017,RIO DE JANEIRO,33068844,CE BAHIA,2,473
2017,RIO DE JANEIRO,33068852,CE PROFESSOR CLOVIS MONTEIRO,2,1152
2017,RIO DE JANEIRO,33069026,CE RUY BARBOSA,2,353
2017,RIO DE JANEIRO,33069034,CE TENENTE GENERAL NAPION,2,319
2017,RIO DE JANEIRO,33069921,CE GOMES FREIRE DE ANDRADE,2,1432
2017,RIO DE JANEIRO,33069930,CE HEITOR LIRA,2,771
2017,RIO DE JANEIRO,33069948,CE JOSE MARTI,2,427
2017,RIO DE JANEIRO,33069956,CE REPUBLICA DE ANGOLA,2,247
2017,RIO DE JANEIRO,33069964,CE REPUBLICA DE GUINE BISSAU,2,234
2017,RIO DE JANEIRO,33070148,CE BRANT HORTA,2,197
2017,RIO DE JANEIRO,33070156,CE CHILE,2,348
2017,RIO DE JANEIRO,33070164,CE CONDE DE AGROLONGO,2,96
2017,RIO DE JANEIRO,33070199,CE JOAO MARQUES DOS REIS,2,182
2017,RIO DE JANEIRO,33070326,CE TERESA CRISTINA,2,70
2017,RIO DE JANEIRO,33070946,E T E JUSCELINO KUBITSCHEK,2,568
2017,RIO DE JANEIRO,33071535,CE AGRIPINO GRIECO,2,211
2017,RIO DE JANEIRO,33071543,CE BOLIVAR,2,103
2017,RIO DE JANEIRO,33071551,CE CENTRAL DO BRASIL,2,1201
2017,RIO DE JANEIRO,33071560,CE DELFIM MOREIRA,2,303
2017,RIO DE JANEIRO,33071578,CE FRANCISCO JOBIM,2,113
2017,RIO DE JANEIRO,33071586,CE MARANHAO,2,283
2017,RIO DE JANEIRO,33071594,CE OLINTO DA GAMA BOTELHO,2,615
2017,RIO DE JANEIRO,33071969,CE VISCONDE DE CAIRU,2,1668
2017,RIO DE JANEIRO,33072078,CE BARAO DE MACAUBAS,2,293
2017,RIO DE JANEIRO,33072094,CE JOAO KOPKE,2,65
2017,RIO DE JANEIRO,33072183,CE JOSE EDUARDO DE MACEDO SOARES,2,173
2017,RIO DE JANEIRO,33072205,CE LAURO SODRE,2,39
2017,RIO DE JANEIRO,33072248,CE HISPANO BRASILEIRO JOAO CABRAL DE MELO NETO,2,256
2017,RIO DE JANEIRO,33072280,CE PERNAMBUCO,2,108
2017,RIO DE JANEIRO,33072337,CE SARMIENTO,2,39
2017,RIO DE JANEIRO,33072370,CE VIRGILIO DE MELO FRANCO,2,212
2017,RIO DE JANEIRO,33073368,CE PASTOR MIRANDA PINTO,2,118
2017,RIO DE JANEIRO,33074038,CE ITALIA,2,372
2017,RIO DE JANEIRO,33074046,CE JOSUE DE CASTRO,2,244
2017,RIO DE JANEIRO,33074054,CE NUN ALVARES PEREIRA,2,134
2017,RIO DE JANEIRO,33074151,CE MATO GROSSO,2,171
2017,RIO DE JANEIRO,33074160,CE ADLAI STEVENSON,2,199
2017,RIO DE JANEIRO,33074232,CE OLIMPIA DO COUTO,2,241
2017,RIO DE JANEIRO,33074267,CE RODRIGO OTAVIO FILHO,2,280
2017,RIO DE JANEIRO,33074798,CE AMAPA,2,76
2017,RIO DE JANEIRO,33075034,ESCOLA TECNICA ESTADUAL OSCAR TENORIO,2,590
2017,RIO DE JANEIRO,33075166,IE CARMELA DUTRA,2,1097
2017,RIO DE JANEIRO,33075174,CE CHARLES CHAPLIN,2,202
2017,RIO DE JANEIRO,33075182,CE CIDADE DE LISBOA,2,165
2017,RIO DE JANEIRO,33075190,CE LUIZ DE CAMOES,2,216
2017,RIO DE JANEIRO,33075204,CE MARQUES REBELO,2,189
2017,RIO DE JANEIRO,33075212,CE PROFESSOR JOSE ACCIOLI,2,497
2017,RIO DE JANEIRO,33075220,CE PROFESSOR SOUSA DA SILVEIRA,2,250
2017,RIO DE JANEIRO,33075689,CE CARDEAL ARCOVERDE,2,209
2017,RIO DE JANEIRO,33075719,CE CONDE AFONSO CELSO,2,285
2017,RIO DE JANEIRO,33075760,CE FRANCISCO PALHETA,2,149
2017,RIO DE JANEIRO,33075816,CE OLEGARIO MARIANO,2,212
2017,RIO DE JANEIRO,33075832,CE PARANA,2,157
2017,RIO DE JANEIRO,33075867,CE SANTOS DUMONT,2,210
2017,RIO DE JANEIRO,33075883,CE VIRIATO CORREA,2,121
2017,RIO DE JANEIRO,33075891,CE WALDEMIRO POTSCH,2,160
2017,RIO DE JANEIRO,33076480,E T E REPUBLICA,2,1350
2017,RIO DE JANEIRO,33076502,ESCOLA TECNICA ESTADUAL VISCONDE DE MAUA,2,606
2017,RIO DE JANEIRO,33077088,CE ADALGISA MONTEIRO,2,480
2017,RIO DE JANEIRO,33077096,CE ALBERTO PASQUALINI,2,24
2017,RIO DE JANEIRO,33077100,CE BRIGADEIRO SCHORCHT,2,1301
2017,RIO DE JANEIRO,33077118,CE CARLOS LACERDA,2,283
2017,RIO DE JANEIRO,33077126,CE EDUARDO MONDLANE,2,478
2017,RIO DE JANEIRO,33077134,CE ENGENHEIRO BERNARDO SAYAO,2,246
2017,RIO DE JANEIRO,33077142,CE MAHATMA GANDHI,2,233
2017,RIO DE JANEIRO,33077150,CE CARDEAL DOM EUGENIO DE ARAUJO SALES,2,345
2017,RIO DE JANEIRO,33077169,CE EUNICE WEAVER,2,360
2017,RIO DE JANEIRO,33077177,CE PRESIDENTE JOAO GOULART,2,323
2017,RIO DE JANEIRO,33077185,CE SENADOR TEOTONIO VILELA,2,271
2017,RIO DE JANEIRO,33077371,CE ALINA DE BRITO,2,453
2017,RIO DE JANEIRO,33077452,CE EMBAIXADOR DIAS CARNEIRO,2,250
2017,RIO DE JANEIRO,33077525,CE MARECHAL CANROBERT PEREIRA DA COSTA,2,80
2017,RIO DE JANEIRO,33077568,CE ROSA DO POVO,2,341
2017,RIO DE JANEIRO,33077576,CE VICTOR HUGO,2,196
2017,RIO DE JANEIRO,33079323,CE STUART EDGAR ANGEL JONES,2,1026
2017,RIO DE JANEIRO,33079331,CE AGOSTINHO NETO,2,197
2017,RIO DE JANEIRO,33079340,CE BANGU,2,1600
2017,RIO DE JANEIRO,33079358,CE COLLECCHIO,2,1475
2017,RIO DE JANEIRO,33079366,CE JORGE ZARUR,2,244
2017,RIO DE JANEIRO,33079374,CE LEOPOLDINA DA SILVEIRA,2,1585
2017,RIO DE JANEIRO,33079382,CE NICARAGUA,2,390
2017,RIO DE JANEIRO,33079390,CE PROFESSOR DALTRO SANTOS,2,719
2017,RIO DE JANEIRO,33079404,CE REPUBLICA DE MOCAMBIQUE,2,108
2017,RIO DE JANEIRO,33079706,CE DALVA DE OLIVEIRA,2,141
2017,RIO DE JANEIRO,33079714,CE ENGENHEIRO JOAO THOME,2,257
2017,RIO DE JANEIRO,33079757,CE JACQUES RAIMUNDO,2,101
2017,RIO DE JANEIRO,33079790,CE MARECHAL ALCIDES ETCHEGOYEN,2,76
2017,RIO DE JANEIRO,33079803,CE MARIETA CUNHA DA SILVA,2,525
2017,RIO DE JANEIRO,33079811,CE MILTON CAMPOS,2,141
2017,RIO DE JANEIRO,33079820,CE MOACYR PADILHA,2,251
2017,RIO DE JANEIRO,33079846,CE NACOES UNIDAS,2,95
2017,RIO DE JANEIRO,33079900,CE RAMIZ GALVAO,2,183
2017,RIO DE JANEIRO,33079943,CE JOAO SALIM MIGUEL,2,477
2017,RIO DE JANEIRO,33081743,CIE MIECIMO DA SILVA,2,510
2017,RIO DE JANEIRO,33082022,CE FRANCISCO CALDEIRA DE ALVARENGA,2,444
2017,RIO DE JANEIRO,33082030,CE FREIRE ALLEMAO,2,114
2017,RIO DE JANEIRO,33082049,CE PROFESSOR FERNANDO ANTONIO RAJA GABAGLIA,2,1726
2017,RIO DE JANEIRO,33082057,CE PROFESSOR DINAMERICO PEREIRA POMBO,2,40
2017,RIO DE JANEIRO,33082065,CE PROFESSOR FELIPE DOS SANTOS REIS,2,113
2017,RIO DE JANEIRO,33082073,CE PROFESSOR IVAN VILLON,2,103
2017,RIO DE JANEIRO,33082146,CE DOUTOR ALBERT SABIN,2,2250
2017,RIO DE JANEIRO,33082227,CE ALMIRANTE FRONTIN,2,102
2017,RIO DE JANEIRO,33082235,CE AMAZONAS,2,641
2017,RIO DE JANEIRO,33082286,CE GEORGE WASHINGTON,2,174
2017,RIO DE JANEIRO,33082316,CE JOAO PROENCA,2,347
2017,RIO DE JANEIRO,33082332,CE PRESIDENTE ANTONIO CARLOS,2,231
2017,RIO DE JANEIRO,33082359,CE PROFESSORA JUREMA PECANHA GIRAUD,2,256
2017,RIO DE JANEIRO,33082375,CE RAINHA VITORIA,2,199
2017,RIO DE JANEIRO,33082430,CE PROFESSOR VIEIRA FAZENDA,2,157
2017,RIO DE JANEIRO,33083592,IE SARAH KUBITSCHEK,2,2409
2017,RIO DE JANEIRO,33084238,CE BARAO DO RIO BRANCO,2,1792
2017,RIO DE JANEIRO,33084459,CE PESTALOZZI,2,539
2017,RIO DE JANEIRO,33085463,CE ANITA GARIBALDI,2,272
2017,RIO DE JANEIRO,33085480,CE LEONEL AZEVEDO,2,151
2017,RIO DE JANEIRO,33085498,CE PREFEITO MENDES DE MORAES,2,1959
2017,RIO DE JANEIRO,33085765,CE DUNSHEE DE ABRANCHES,2,226
2017,RIO DE JANEIRO,33085838,CE ROTARY,2,121
2017,RIO DE JANEIRO,33086427,CE AUGUSTO RUSCHI,2,68
2017,RIO DE JANEIRO,33086540,CE ACARI,2,135
2017,RIO DE JANEIRO,33086567,CE GRACILIANO RAMOS,2,120
2017,RIO DE JANEIRO,33086575,CE GUADALUPE,2,103
2017,RIO DE JANEIRO,33086583,CE MARECHAL JOAO BAPTISTA DE MATTOS,2,1679
2017,RIO DE JANEIRO,33086591,CE PROFESSOR JOEL DE OLIVEIRA,2,463
2017,RIO DE JANEIRO,33086605,CE PROFESSOR MANOEL MAURICIO DE ALBUQUERQUE,2,634
2017,RIO DE JANEIRO,33086613,CE REPUBLICA DE CABO VERDE,2,254
2017,RIO DE JANEIRO,33086729,CE BELGICA,2,268
2017,RIO DE JANEIRO,33086737,CE COELHO NETO,2,133
2017,RIO DE JANEIRO,33086796,CE PARAIBA,2,126
2017,RIO DE JANEIRO,33087644,CE VICENTE JANNUZZI,2,2133
2017,RIO DE JANEIRO,33087725,CE GILSON AMADO,2,504
2017,RIO DE JANEIRO,33087733,CE GOLDA MEIR,2,137
2017,RIO DE JANEIRO,33087750,CE ALMIRANTE TAMANDARE,2,177
2017,RIO DE JANEIRO,33088152,CE JORNALISTA RODOLFO FERNANDES,2,816
2017,RIO DE JANEIRO,33088179,CE MAX FLEIUSS,2,153
2017,RIO DE JANEIRO,33095078,CE BERNARDO DE VASCONCELOS,2,236
2017,RIO DE JANEIRO,33096759,CIEP 173 RAINHA NZINGA ANGOLA,2,609
2017,RIO DE JANEIRO,33097038,CIEP 326 PROFESSOR CESAR PERNETTA,2,635
2017,RIO DE JANEIRO,33097283,CIEP 321 DOUTOR ULISSES GUIMARAES,2,2159
2017,RIO DE JANEIRO,33100659,CAIC NACOES UNIDAS,2,543
2017,RIO DE JANEIRO,33102210,CIEP 241 NACAO MANGUEIRENSE GOVERNADOR LEONEL DE MOURA BRIZOLA,2,1002
2017,RIO DE JANEIRO,33104638,CIEP 195 ANIBAL MACHADO,2,75
2017,RIO DE JANEIRO,33105065,CAIC EUCLIDES DA CUNHA,2,1962
2017,RIO DE JANEIRO,33105103,CIEP 303 AYRTON SENNA DA SILVA,2,983
2017,RIO DE JANEIRO,33105219,CIEP 379 RAUL SEIXAS,2,227
2017,RIO DE JANEIRO,33105294,CIEP 311 DEPUTADO BOCAYUVA CUNHA,2,1522
2017,RIO DE JANEIRO,33106550,CIEP 223 OLYMPIO MARQUES DOS SANTOS,2,1022
2017,RIO DE JANEIRO,33106584,CIEP 336 OCTAVIO MALTA,2,1199
2017,RIO DE JANEIRO,33106592,CIEP 435 HELIO PELLEGRINO,2,1201
2017,RIO DE JANEIRO,33106606,CIEP 224 TARSO DE CASTRO,2,938
2017,RIO DE JANEIRO,33106614,CIEP 386 GUILHERME DA SILVEIRA FILHO,2,1594
2017,RIO DE JANEIRO,33106630,CIEP 382 ASPIRANTE FRANCISCO MEGA,2,1281
2017,RIO DE JANEIRO,33106649,CIEP 312 RAUL RYFF,2,387
2017,RIO DE JANEIRO,33106657,CIEP 183 JOAO VITTA,2,661
2017,RIO DE JANEIRO,33106665,CIEP 432 ALBERTO CAVALCANTI,2,379
2017,RIO DE JANEIRO,33106673,CIEP 392 MARIO DE ANDRADE,2,1364
2017,RIO DE JANEIRO,33106681,CIEP 305 HEITOR DOS PRAZERES,2,1936
2017,RIO DE JANEIRO,33106690,CIEP 225 MARIO QUINTANA,2,1364
2017,RIO DE JANEIRO,33106703,CIEP 244 OSWALDO ARANHA,2,514
2017,RIO DE JANEIRO,33106711,CIEP 362 ROBERTO BURLE MARX,2,830
2017,RIO DE JANEIRO,33106720,CIEP 313 RUBEM BRAGA,2,749
2017,RIO DE JANEIRO,33106738,CIEP 433 TOGO RENAN SOARES KANELA,2,1529
2017,RIO DE JANEIRO,33106746,CIEP 165 BRIGADEIRO SERGIO CARVALHO,2,1068
2017,RIO DE JANEIRO,33110476,CIEP 418 ANTONIO CARLOS BERNARDES -MUSSUM,2,115
2017,RIO DE JANEIRO,33110638,CIEP 205 FREI AGOSTINHO FINCIAS,2,422
2017,RIO DE JANEIRO,33110646,CIEP 323 MARIA WERNECK DE CASTRO,2,728
2017,RIO DE JANEIRO,33110654,CIEP 092 FREDERICO FELLINI,2,607
2017,RIO DE JANEIRO,33111626,CE LUIZA MAHIN,2,3
2017,RIO DE JANEIRO,33111707,CE CANDEIA,2,11
2017,RIO DE JANEIRO,33117950,CE PROFESSOR AUGUSTO MOTTA,2,204
2017,RIO DE JANEIRO,33117969,ESCOLA TECNICA ESTADUAL ADOLPHO BLOCH,2,583
2017,RIO DE JANEIRO,33117977,ESCOLA TECNICA ESTADUAL SANTA CRUZ,2,836
2017,RIO DE JANEIRO,33120692,CAIC THEOPHILO DE SOUZA PINTO,2,509
2017,RIO DE JANEIRO,33124620,CE PADRE CARLOS LEONCIO DA SILVA,2,15
2017,RIO DE JANEIRO,33124922,CE OLAVO JOSINO DE SALLES,2,294
2017,RIO DE JANEIRO,33125304,CE MISSIONARIO MARIO WAY,2,1370
2017,RIO DE JANEIRO,33125317,CE PROFESSORA LUIZA MARINHO,2,1336
2017,RIO DE JANEIRO,33125333,CE IRINEU JOSE FERREIRA,2,1166
2017,RIO DE JANEIRO,33125341,CE CORA CORALINA,2,255
2017,RIO DE JANEIRO,33125627,CE MINISTRO MARCOS FREIRE,2,472
2017,RIO DE JANEIRO,33125740,CE PAULO FREIRE,2,560
2017,RIO DE JANEIRO,33125805,CE PROFESSOR TEOFILO MOREIRA DA COSTA,2,341
2017,RIO DE JANEIRO,33126105,CE FINLANDIA,2,318
2017,RIO DE JANEIRO,33126160,CE OLGA BENARIO PRESTES,2,2128
2017,RIO DE JANEIRO,33126216,CE PROFESSORA DIUMA MADEIRA SALLES DE SOUZA,2,529
2017,RIO DE JANEIRO,33126224,CE HERBERT DE SOUZA,2,744
2017,RIO DE JANEIRO,33126232,CE COMPOSITOR LUIZ GONZAGA,2,251
2017,RIO DE JANEIRO,33126259,CE ROSA LUXEMBURGO,2,335
2017,RIO DE JANEIRO,33126267,CE PROFESSOR HORACIO MACEDO,2,219
2017,RIO DE JANEIRO,33126747,CE MADRE TERESA DE CALCUTA,2,1325
2017,RIO DE JANEIRO,33126755,CE MONTEIRO DE CARVALHO,2,511
2017,RIO DE JANEIRO,33126852,CE PROFESSORA MARIA NAZARETH CAVALCANTI SILVA,2,1134
2017,RIO DE JANEIRO,33126941,CE CHIQUINHA GONZAGA,2,301
2017,RIO DE JANEIRO,33127395,CE MINISTRO OROZIMBO NONATO,2,122
2017,RIO DE JANEIRO,33127514,CE MARECHAL RONDON,2,239
2017,RIO DE JANEIRO,33128235,CIEP 339 MARIO TAMBORINDEGUY,2,1209
2017,RIO DE JANEIRO,33128618,CE CARLOS MAGNO NAZARETH CERQUEIRA,2,513
2017,RIO DE JANEIRO,33132879,CE DOM HELDER CAMARA,2,1400
2017,RIO DE JANEIRO,33132887,CE COMPOSITOR MANACEIA JOSE DE ANDRADE,2,716
2017,RIO DE JANEIRO,33134049,CE PROFESSORA MARIA TEREZINHA DE CARVALHO MACHADO,2,2106
2017,RIO DE JANEIRO,33135193,CE PROFESSOR JOSE DE SOUZA MARQUES,2,840
2017,RIO DE JANEIRO,33136424,CE PROFESSORA VILMA ATANAZIO,2,1048
2017,RIO DE JANEIRO,33136432,CE PROFESSORA VANIA DO AMARAL MATIAS EDDE,2,883
2017,RIO DE JANEIRO,33136459,CE PROFESSORA ALBA CANIZARES DO NASCIMENTO,2,341
2017,RIO DE JANEIRO,33136475,CE MONSENHOR MIGUEL DE SANTA MARIA MOCHON,2,298
2017,RIO DE JANEIRO,33136483,CE GANDHI,2,225
2017,RIO DE JANEIRO,33136505,CE PROFESSORA JEANNETTE DE SOUZA COELHO MANNARINO,2,2148
2017,RIO DE JANEIRO,33136513,CE ROSARIA TROTTA,2,349
2017,RIO DE JANEIRO,33136670,CE GILDO CANDIDO DA SILVA,2,49
2017,RIO DE JANEIRO,33136696,CE LIBERDADE,2,475
2017,RIO DE JANEIRO,33138354,CE PROFESSOR OZEAS GOMES LARANGEIRAS,2,412
2017,RIO DE JANEIRO,33138648,CE STELLA MATUTINA,2,1204
2017,RIO DE JANEIRO,33139156,CE PROFESSORA SONIA REGINA SCUDESE DESSIMONI PINTO,2,921
2017,RIO DE JANEIRO,33140030,CE CONDE PEREIRA CARNEIRO,2,217
2017,RIO DE JANEIRO,33140049,CE OSWALDO TEIXEIRA,2,69
2017,RIO DE JANEIRO,33140669,CE JORNALISTA TIM LOPES,2,1219
2017,RIO DE JANEIRO,33140715,CE ANTONIO HOUAISS,2,1158
2017,RIO DE JANEIRO,33146950,CE PROFESSORA MARIA DE LOURDES DE OLIVEIRA LAVOR - TIA LAVOR,2,1388
2017,RIO DE JANEIRO,33149119,CE CARLOS ARNOLDO ABRUZZINI DA FONSECA,2,1333
2017,RIO DE JANEIRO,33157065,CE ERICH WALTER HEINE,2,550
2017,RIO DE JANEIRO,33170150,CE HEBE CAMARGO,2,397
2017,RIO DE JANEIRO,33173010,CE JORNALISTA MAURICIO AZEDO,2,247
2017,RIO DE JANEIRO,33271208,CE JOSE LEITE LOPES,2,407
2017,RIO DE JANEIRO,33439222,CE COMPOSITOR LUIZ CARLOS DA VILA,2,475
2017,RIO DE JANEIRO,33508232,CE JORNALISTA ARTUR DA TAVOLA,2,386
2017,RIO DE JANEIRO,33558230,CE DEPUTADO PEDRO FERNANDES,2,1324
2017,SÃO GONÇALO,33051879,CE DOUTOR MOACYR MEIRELLES PADILHA,2,584
2017,SÃO GONÇALO,33088870,CIEP 430 CARLOS MARIGHELLA,2,84
2017,SÃO GONÇALO,33088896,CIEP 306 DEPUTADO DAVID QUINDERE,2,208
2017,SÃO GONÇALO,33088900,CIEP 249 PASTOR WALDEMAR ZARRO,2,299
2017,SÃO GONÇALO,33088926,CIEP 240 PROFESSOR HAROLDO TEIXEIRA VALLADAO,2,83
2017,SÃO GONÇALO,33088942,CIEP 248 PROFESSOR TULIO RODRIGUES PERLINGEIRO,2,39
2017,SÃO GONÇALO,33088950,CIEP 052 PROFESSORA ROMANDA GOUVEIA GONCALVES,2,89
2017,SÃO GONÇALO,33089043,CE ARMANDO GONCALVES,2,288
2017,SÃO GONÇALO,33089051,CE DOUTOR ADINO XAVIER,2,1328
2017,SÃO GONÇALO,33089060,CE ISMAEL BRANCO,2,250
2017,SÃO GONÇALO,33089086,CE MINISTRO JOSE DE MOURA E SILVA,2,268
2017,SÃO GONÇALO,33089094,CE NILO PECANHA,2,1033
2017,SÃO GONÇALO,33089108,CE PANDIA CALOGERAS,2,1186
2017,SÃO GONÇALO,33089124,CE PADRE MANUEL DA NOBREGA,2,237
2017,SÃO GONÇALO,33089388,CE FREDERICO AZEVEDO,2,428
2017,SÃO GONÇALO,33089396,CE LAURO CORREA,2,235
2017,SÃO GONÇALO,33089426,CE MONSENHOR BARENCO COELHO,2,288
2017,SÃO GONÇALO,33089469,CE PROFESSORA ANTONIETA PALMEIRA,2,227
2017,SÃO GONÇALO,33089841,IE CLELIA NANCI,2,1026
2017,SÃO GONÇALO,33090149,CIEP 122 ERMEZINDA DIONIZIO NECCO,2,370
2017,SÃO GONÇALO,33090157,CIEP 126 ALMEDORINA AZEREDO,2,118
2017,SÃO GONÇALO,33090165,CIEP BRIZOLAO 440 MAJOR JOAQUIM DE AZEREDO COUTINHO,2,2
2017,SÃO GONÇALO,33090173,CIEP 410 PATRICIA GALVAO PAGU,2,229
2017,SÃO GONÇALO,33090246,CE DORVAL FERREIRA DA CUNHA,2,239
2017,SÃO GONÇALO,33090270,CE AMANDA VELASCO,2,367
2017,SÃO GONÇALO,33090300,CE AUGUSTO CEZARIO DIAZ ANDRE,2,471
2017,SÃO GONÇALO,33090327,CE DESEMBARGADOR FERREIRA PINTO,2,229
2017,SÃO GONÇALO,33090343,CE DOUTOR HUMBERTO SOEIRO DE CARVALHO,2,136
2017,SÃO GONÇALO,33090351,CE DOUTOR RODOLPHO SIQUEIRA,2,330
2017,SÃO GONÇALO,33090378,CE ELIZA MARIA DUTRA,2,310
2017,SÃO GONÇALO,33090424,CE PROFESSORA ADELIA MARTINS,2,223
2017,SÃO GONÇALO,33090432,CE PROFESSORA DALILA DE OLIVEIRA COSTA,2,303
2017,SÃO GONÇALO,33090440,CE PROFESSOR FRANCISCO DE PAULA ACHILLES,2,56
2017,SÃO GONÇALO,33090459,CE PROFESSORA ODYSSEA SILVEIRA DE SIQUEIRA,2,150
2017,SÃO GONÇALO,33090475,CE VITAL BRASIL,2,125
2017,SÃO GONÇALO,33090653,CIEP 121 PROFESSOR JOADELIO CODECO,2,111
2017,SÃO GONÇALO,33090670,CIEP 050 PABLO NERUDA,2,501
2017,SÃO GONÇALO,33090688,CIEP 239 PROFESSORA ELZA VIANNA FIALHO,2,247
2017,SÃO GONÇALO,33090726,CE TRASILBO FILGUEIRAS,2,471
2017,SÃO GONÇALO,33090815,CE ALECRIM,2,96
2017,SÃO GONÇALO,33090823,CE CORONEL SERRADO,2,235
2017,SÃO GONÇALO,33090831,CE DOM ANTONIO DE ALMEIDA MORAES JUNIOR,2,224
2017,SÃO GONÇALO,33090840,CE DOUTOR ARMANDO SA COUTO,2,114
2017,SÃO GONÇALO,33090882,CE MAUA,2,118
2017,SÃO GONÇALO,33090904,CE VILA GUARANI,2,137
2017,SÃO GONÇALO,33091196,CE SANTOS DIAS,2,352
2017,SÃO GONÇALO,33091200,CE WALTER ORLANDINE,2,1510
2017,SÃO GONÇALO,33091340,CE CAPITAO OSWALDO ORNELLAS,2,347
2017,SÃO GONÇALO,33091382,CE CORONEL FRANCISCO LIMA,2,151
2017,SÃO GONÇALO,33091390,CE CORONEL JOAO TARCISIO BUENO,2,127
2017,SÃO GONÇALO,33091447,CE MELCHIADES PICANCO,2,320
2017,SÃO GONÇALO,33091757,CIEP 246 PROFESSORA ADALGISA CABRAL DE FARIA,2,132
2017,SÃO GONÇALO,33091765,CE PAULINO PINHEIRO BAPTISTA,2,289
2017,SÃO GONÇALO,33096970,CIEP 309 ZUZU ANGEL,2,122
2017,SÃO GONÇALO,33096988,CIEP 412 DOUTOR ZERBINI,2,348
2017,SÃO GONÇALO,33103879,CIEP 413 ADAO PEREIRA NUNES,2,65
2017,SÃO GONÇALO,33103887,CIEP 408 SERGIO CARDOSO,2,48
2017,SÃO GONÇALO,33103909,CIEP 238 DOUTOR ILTON FARIA DA COSTA,2,304
2017,SÃO GONÇALO,33103917,CIEP 423 MORA GUIMARAES,2,10
2017,SÃO GONÇALO,33103925,CIEP 421 DEPUTADA CRISTINA TAVARES,2,59
2017,SÃO GONÇALO,33103941,CIEP 422 NICANOR FERREIRA NUNES,2,50
2017,SÃO GONÇALO,33103968,CIEP 439 LUIZ GONZAGA JUNIOR - GONZAGUINHA,2,295
2017,SÃO GONÇALO,33104182,CIEP 409 ALAIDE DE FIGUEREDO SANTOS,2,357
2017,SÃO GONÇALO,33114366,CE MARIO TAMBORINDEGUY,2,92
2017,SÃO GONÇALO,33507210,CE COMENDADOR VALENTIM DOS SANTOS DINIZ,2,346
2017,SÃO GONÇALO,33518238,CIEP 513 GEORGE SAVALLA GOMES - PALHACO CAREQUINHA,2,145
