Ano,Municipio,Codigo_Escola,Escola,Dependencia,Aprovacao_EM_Total,Reprovacao_EM_Total,Abandono_EM_Total
2023,Maricá,33053910,CE ELISIARIO MATTA,Estadual,75.5,14.1,10.4
2023,Maricá,33053952,CE DOMICIO DA GAMA,Estadual,87.5,11.2,1.3
2023,Maricá,33053995,CE PROFESSORA CACILDA SILVA,Estadual,85.3,11.6,3.1
2023,Maricá,33054177,CE DOUTOR JOAO GOMES DE MATTOS SOBRINHO,Estadual,76.4,15.1,8.5
2023,Maricá,33054185,CE CAIO FRANCISCO DE FIGUEIREDO,Estadual,87.1,9.0,3.9
2023,Maricá,33054215,CE EUCLYDES PAULO DA SILVA,Estadual,82.2,10.2,7.6
2023,Maricá,33054339,CE FRANCISCO JOSE DO NASCIMENTO,Estadual,77.1,22.9,0.0
2023,Maricá,33096929,CIEP 391 PROFESSOR ROBSON MENDONCA LOU,Estadual,52.7,12.0,35.3
2023,Maricá,33102414,CIEP 259 PROFESSORA MARIA DO AMPARO RANGEL DE SOUZA,Estadual,72.5,18.4,9.1
2023,Maricá,33183562,CE PROFESSOR DARCY RIBEIRO,Estadual,86.0,11.5,2.5
2023,Niterói,33055467,CIEP 251 DONA MARIA PORTUGAL,Estadual,78.6,7.1,14.3
2023,Niterói,33055610,CE AURELINO LEAL,Estadual,50.2,43.8,6.0
2023,Niterói,33055629,CE BALTAZAR BERNARDINO,Estadual,74.0,26.0,0.0
2023,Niterói,33055637,CE BRIGADEIRO CASTRIOTO,Estadual,91.5,7.3,1.2
2023,Niterói,33055645,CE CIZINIO SOARES PINTO,Estadual,69.9,17.7,12.4
2023,Niterói,33055653,CE CONSELHEIRO MACEDO SOARES,Estadual,70.5,22.1,7.4
2023,Niterói,33055661,CE DOUTOR LUCIANO PESTRE,Estadual,75.9,23.1,1.0
2023,Niterói,33055670,CE FERNANDO MAGALHAES,Estadual,81.1,18.2,0.7
2023,Niterói,33055696,CE GUILHERME BRIGGS,Estadual,87.4,7.8,4.8
2023,Niterói,33055700,CE HILARIO RIBEIRO,Estadual,83.3,3.8,12.9
2023,Niterói,33055726,CE JOAQUIM TAVORA,Estadual,83.7,12.7,3.6
2023,Niterói,33055734,CE MACHADO DE ASSIS,Estadual,74.5,20.0,5.5
2023,Niterói,33055742,CE MULLULO DA VEIGA,Estadual,62.8,20.1,17.1
2023,Niterói,33055750,CE PAULO ASSIS RIBEIRO,Estadual,64.9,27.6,7.5
2023,Niterói,33055769,CE RAUL VIDAL,Estadual,68.5,23.4,8.1
2023,Niterói,33055785,CE ZULEIKA RAPOSO VALLADARES,Estadual,87.0,8.9,4.1
2023,Niterói,33056358,CE CONSELHEIRO JOSINO,Estadual,73.1,16.7,10.2
2023,Niterói,33056439,CE EMBAIXADOR RAUL FERNANDES,Estadual,64.9,24.6,10.5
2023,Niterói,33056471,CE JOSE BONIFACIO,Estadual,76.7,18.6,4.7
2023,Niterói,33056480,CE LEOPOLDO FROES,Estadual,76.0,18.2,5.8
2023,Niterói,33056498,CE MANUEL DE ABREU,Estadual,73.9,20.1,6.0
2023,Niterói,33056501,CE MARIA PEREIRA DAS NEVES,Estadual,74.2,24.7,1.1
2023,Niterói,33056560,CE PINTO LIMA,Estadual,82.9,12.7,4.4
2023,Niterói,33057010,E T E HENRIQUE LAGE,Estadual,92.0,7.6,0.4
2023,Niterói,33057117,IE PROFESSOR ISMAEL COUTINHO,Estadual,88.2,11.8,0.0
2023,Niterói,33057508,LICEU NILO PECANHA,Estadual,78.3,15.9,5.8
2023,Niterói,33057702,CE PROFESSORA ALCINA RODRIGUES DE LIMA,Estadual,77.8,17.0,5.2
2023,Niterói,33057737,CE ALMIRANTE TAMANDARE,Estadual,83.8,16.2,0.0
2023,Niterói,33057745,CE DOUTOR SOUZA SOARES,Estadual,87.1,9.7,3.2
2023,Niterói,33096805,CIEP 449 GOVERNADOR LEONEL DE MOURA BRIZOLA BRASIL FRANCA,Estadual,84.8,15.2,0.0
2023,Niterói,33102503,CE DAVID CAPISTRANO,Estadual,77.1,18.1,4.8
2023,Niterói,33102520,CIEP 307 DJANIRA,Estadual,78.1,18.1,3.8
2023,Niterói,33108579,CIEP 448 RUY FRAZAO SOARES,Estadual,73.1,24.9,2.0
2023,Niterói,33172919,CE MATEMATICO JOAQUIM GOMES DE SOUSA INTERCULTURAL BRASIL - CHINA,Estadual,80.3,19.7,0.0
2023,Rio de Janeiro,33062250,CE ALDEBARA,Estadual,74.8,25.2,0.0
2023,Rio de Janeiro,33062277,CE CUBA,Estadual,59.1,10.4,30.5
2023,Rio de Janeiro,33062374,CE REVERENDO HUGH CLARENCE TUCKER,Estadual,68.9,10.6,20.5
2023,Rio de Janeiro,33062668,CE JULIA KUBITSCHEK,Estadual,82.9,11.8,5.3
2023,Rio de Janeiro,33062676,CE SOUZA AGUIAR,Estadual,64.5,25.6,9.9
2023,Rio de Janeiro,33062919,CE PAULO DE FRONTIN,Estadual,70.1,16.4,13.5
2023,Rio de Janeiro,33062927,CE TOMAS ANTONIO GONZAGA,Estadual,63.1,11.7,25.2
2023,Rio de Janeiro,33063052,CE MEM DE SA,Estadual,71.7,15.0,13.3
2023,Rio de Janeiro,33063389,CE CHICO ANYSIO,Estadual,89.1,9.9,1.0
2023,Rio de Janeiro,33063397,CE AMARO CAVALCANTI,Estadual,77.5,12.2,10.3
2023,Rio de Janeiro,33063877,CE DEODORO,Estadual,58.3,11.1,30.6
2023,Rio de Janeiro,33063907,CE PROFESSOR JOAO BORGES DE MORAES,Estadual,85.5,10.1,4.4
2023,Rio de Janeiro,33064644,CE INFANTE DOM HENRIQUE,Estadual,83.2,16.8,0.0
2023,Rio de Janeiro,33064652,CE PEDRO ALVARES CABRAL,Estadual,80.4,14.3,5.3
2023,Rio de Janeiro,33064792,CE CASTELNUOVO,Estadual,59.8,8.5,31.7
2023,Rio de Janeiro,33065217,CE PROFESSOR ANTONIO MARIA TEIXEIRA FILHO,Estadual,88.5,6.2,5.3
2023,Rio de Janeiro,33065276,CE ANDRE MAUROIS,Estadual,78.2,17.2,4.6
2023,Rio de Janeiro,33065284,CE IGNACIO AZEVEDO DO AMARAL,Estadual,85.0,13.5,1.5
2023,Rio de Janeiro,33066027,CE NILO PECANHA,Estadual,66.2,16.9,16.9
2023,Rio de Janeiro,33066035,CE OLAVO BILAC,Estadual,72.5,23.2,4.3
2023,Rio de Janeiro,33066043,CE PROFESSOR ERNESTO FARIA,Estadual,78.6,13.2,8.2
2023,Rio de Janeiro,33066140,CE GONCALVES DIAS,Estadual,60.3,19.0,20.7
2023,Rio de Janeiro,33066523,INSTITUTO DE APLICACAO FERNANDO RODRIGUES DA SILVEIRA CAP-UERJ,Estadual,94.4,3.7,1.9
2023,Rio de Janeiro,33066590,CE ANTONIO PRADO JUNIOR,Estadual,72.2,20.5,7.3
2023,Rio de Janeiro,33066612,CE PROFESSOR CLOVIS SALGADO,Estadual,68.9,9.3,21.8
2023,Rio de Janeiro,33066620,CE SOARES PEREIRA,Estadual,65.8,6.6,27.6
2023,Rio de Janeiro,33067228,ESCOLA TECNICA ESTADUAL FERREIRA VIANA,Estadual,69.4,19.8,10.8
2023,Rio de Janeiro,33067252,INSTITUTO SUPERIOR DE EDUCACAO DO RIO DE JANEIRO,Estadual,87.7,12.3,0.0
2023,Rio de Janeiro,33067783,CE FRANCISCO CAMPOS,Estadual,56.3,15.9,27.8
2023,Rio de Janeiro,33067791,CE JOAO ALFREDO,Estadual,66.1,24.9,9.0
2023,Rio de Janeiro,33068011,CE AFONSO PENA,Estadual,79.1,14.1,6.8
2023,Rio de Janeiro,33068844,CE BAHIA,Estadual,84.4,5.4,10.2
2023,Rio de Janeiro,33068852,CE PROFESSOR CLOVIS MONTEIRO,Estadual,55.7,25.9,18.4
2023,Rio de Janeiro,33069026,CE RUY BARBOSA,Estadual,59.8,27.5,12.7
2023,Rio de Janeiro,33069034,CE TENENTE GENERAL NAPION,Estadual,73.0,18.5,8.5
2023,Rio de Janeiro,33069921,CE GOMES FREIRE DE ANDRADE,Estadual,68.8,25.9,5.3
2023,Rio de Janeiro,33069930,CE HEITOR LIRA,Estadual,77.2,13.3,9.5
2023,Rio de Janeiro,33069948,CE JOSE MARTI,Estadual,53.4,36.5,10.1
2023,Rio de Janeiro,33069956,CE REPUBLICA DE ANGOLA,Estadual,66.3,28.9,4.8
2023,Rio de Janeiro,33069964,CE REPUBLICA DE GUINE BISSAU,Estadual,67.0,19.1,13.9
2023,Rio de Janeiro,33070148,CE BRANT HORTA,Estadual,71.0,10.0,19.0
2023,Rio de Janeiro,33070156,CE CHILE,Estadual,74.0,9.5,16.5
2023,Rio de Janeiro,33070164,CE CONDE DE AGROLONGO,Estadual,73.1,25.4,1.5
2023,Rio de Janeiro,33070199,CE JOAO MARQUES DOS REIS,Estadual,68.4,3.5,28.1
2023,Rio de Janeiro,33070326,CE TERESA CRISTINA,Estadual,59.3,22.2,18.5
2023,Rio de Janeiro,33070946,E T E JUSCELINO KUBITSCHEK,Estadual,89.7,7.7,2.6
2023,Rio de Janeiro,33071535,CE AGRIPINO GRIECO,Estadual,71.3,20.4,8.3
2023,Rio de Janeiro,33071543,CE BOLIVAR,Estadual,70.5,4.9,24.6
2023,Rio de Janeiro,33071551,CE CENTRAL DO BRASIL,Estadual,76.0,22.7,1.3
2023,Rio de Janeiro,33071560,CE DELFIM MOREIRA,Estadual,64.4,19.0,16.6
2023,Rio de Janeiro,33071578,CE FRANCISCO JOBIM,Estadual,70.0,20.0,10.0
2023,Rio de Janeiro,33071586,CE MARANHAO,Estadual,74.7,17.2,8.1
2023,Rio de Janeiro,33071594,CE OLINTO DA GAMA BOTELHO,Estadual,73.0,24.5,2.5
2023,Rio de Janeiro,33071969,CE VISCONDE DE CAIRU,Estadual,63.1,27.1,9.8
2023,Rio de Janeiro,33072078,CE BARAO DE MACAUBAS,Estadual,67.0,10.2,22.8
2023,Rio de Janeiro,33072094,CE JOAO KOPKE,Estadual,76.4,23.6,0.0
2023,Rio de Janeiro,33072183,CE JOSE EDUARDO DE MACEDO SOARES,Estadual,57.4,25.0,17.6
2023,Rio de Janeiro,33072205,CE LAURO SODRE,Estadual,73.8,16.4,9.8
2023,Rio de Janeiro,33072248,CE HISPANO BRASILEIRO JOAO CABRAL DE MELO NETO,Estadual,93.2,6.8,0.0
2023,Rio de Janeiro,33072280,CE PERNAMBUCO,Estadual,64.2,35.8,0.0
2023,Rio de Janeiro,33072337,CE SARMIENTO,Estadual,65.8,32.9,1.3
2023,Rio de Janeiro,33072370,CE VIRGILIO DE MELO FRANCO,Estadual,77.0,15.5,7.5
2023,Rio de Janeiro,33073368,CE PASTOR MIRANDA PINTO,Estadual,72.9,8.5,18.6
2023,Rio de Janeiro,33074038,CE ITALIA,Estadual,62.7,6.3,31.0
2023,Rio de Janeiro,33074046,CE JOSUE DE CASTRO,Estadual,66.3,15.4,18.3
2023,Rio de Janeiro,33074054,CE NUNO ALVARES PEREIRA,Estadual,77.6,5.1,17.3
2023,Rio de Janeiro,33074151,CE MATO GROSSO,Estadual,83.5,14.2,2.3
2023,Rio de Janeiro,33074160,CE ADLAI STEVENSON,Estadual,67.0,13.6,19.4
2023,Rio de Janeiro,33074232,CE OLIMPIA DO COUTO,Estadual,79.2,11.7,9.1
2023,Rio de Janeiro,33074267,CE RODRIGO OTAVIO FILHO,Estadual,70.0,14.4,15.6
2023,Rio de Janeiro,33074798,CE AMAPA,Estadual,80.2,11.0,8.8
2023,Rio de Janeiro,33075034,ESCOLA TECNICA ESTADUAL OSCAR TENORIO,Estadual,84.9,10.2,4.9
2023,Rio de Janeiro,33075166,IE CARMELA DUTRA,Estadual,74.7,17.2,8.1
2023,Rio de Janeiro,33075174,CE CHARLES CHAPLIN,Estadual,39.5,33.9,26.6
2023,Rio de Janeiro,33075182,CE CIDADE DE LISBOA,Estadual,59.8,24.4,15.8
2023,Rio de Janeiro,33075190,CE LUIZ DE CAMOES,Estadual,72.0,23.7,4.3
2023,Rio de Janeiro,33075204,CE MARQUES REBELO,Estadual,80.0,7.5,12.5
2023,Rio de Janeiro,33075212,CE PROFESSOR JOSE ACCIOLI,Estadual,91.6,7.7,0.7
2023,Rio de Janeiro,33075220,CE PROFESSOR SOUSA DA SILVEIRA,Estadual,75.8,7.0,17.2
2023,Rio de Janeiro,33075689,CE CARDEAL ARCOVERDE,Estadual,69.4,16.1,14.5
2023,Rio de Janeiro,33075719,CE CONDE AFONSO CELSO,Estadual,69.3,15.3,15.4
2023,Rio de Janeiro,33075760,CE FRANCISCO PALHETA,Estadual,69.4,10.2,20.4
2023,Rio de Janeiro,33075816,CE OLEGARIO MARIANO,Estadual,73.1,6.3,20.6
2023,Rio de Janeiro,33075832,CE PARANA,Estadual,68.0,17.0,15.0
2023,Rio de Janeiro,33075867,CE SANTOS DUMONT,Estadual,70.2,11.2,18.6
2023,Rio de Janeiro,33075883,CE VIRIATO CORREA,Estadual,66.7,26.3,7.0
2023,Rio de Janeiro,33075891,CE WALDEMIRO POTSCH,Estadual,61.5,35.6,2.9
2023,Rio de Janeiro,33076480,E T E REPUBLICA,Estadual,71.5,24.2,4.3
2023,Rio de Janeiro,33076502,ESCOLA TECNICA ESTADUAL VISCONDE DE MAUA,Estadual,81.2,15.2,3.6
2023,Rio de Janeiro,33077088,CE ADALGISA MONTEIRO,Estadual,82.6,3.4,14.0
2023,Rio de Janeiro,33077100,CE BRIGADEIRO SCHORCHT,Estadual,81.2,12.5,6.3
2023,Rio de Janeiro,33077118,CE CARLOS LACERDA,Estadual,76.5,20.8,2.7
2023,Rio de Janeiro,33077126,CE EDUARDO MONDLANE,Estadual,73.9,12.4,13.7
2023,Rio de Janeiro,33077134,CE ENGENHEIRO BERNARDO SAYAO,Estadual,78.0,4.8,17.2
2023,Rio de Janeiro,33077142,CE MAHATMA GANDHI,Estadual,69.8,12.9,17.3
2023,Rio de Janeiro,33077150,CE CARDEAL DOM EUGENIO DE ARAUJO SALES,Estadual,66.4,22.5,11.1
2023,Rio de Janeiro,33077169,CE EUNICE WEAVER,Estadual,81.0,11.1,7.9
2023,Rio de Janeiro,33077177,CE PRESIDENTE JOAO GOULART,Estadual,82.0,9.2,8.8
2023,Rio de Janeiro,33077185,CE SENADOR TEOTONIO VILELA,Estadual,72.6,27.4,0.0
2023,Rio de Janeiro,33077371,CE ALINA DE BRITO,Estadual,77.7,16.3,6.0
2023,Rio de Janeiro,33077452,CE EMBAIXADOR DIAS CARNEIRO,Estadual,97.3,2.7,0.0
2023,Rio de Janeiro,33077525,CE MARECHAL CANROBERT PEREIRA DA COSTA,Estadual,75.0,21.4,3.6
2023,Rio de Janeiro,33077568,CE ROSA DO POVO,Estadual,78.9,16.4,4.7
2023,Rio de Janeiro,33077576,CE VICTOR HUGO,Estadual,76.8,6.6,16.6
2023,Rio de Janeiro,33079323,CE STUART EDGAR ANGEL JONES,Estadual,66.2,33.0,0.8
2023,Rio de Janeiro,33079331,CE AGOSTINHO NETO,Estadual,75.9,18.4,5.7
2023,Rio de Janeiro,33079340,CE BANGU,Estadual,58.0,30.6,11.4
2023,Rio de Janeiro,33079358,CE COLLECCHIO,Estadual,71.0,22.1,6.9
2023,Rio de Janeiro,33079366,CE JORGE ZARUR,Estadual,85.1,14.8,0.1
2023,Rio de Janeiro,33079374,CE LEOPOLDINA DA SILVEIRA,Estadual,84.2,9.2,6.6
2023,Rio de Janeiro,33079382,CE NICARAGUA,Estadual,68.7,15.2,16.1
2023,Rio de Janeiro,33079390,CE PROFESSOR DALTRO SANTOS,Estadual,57.4,33.3,9.3
2023,Rio de Janeiro,33079404,CE REPUBLICA DE MOCAMBIQUE,Estadual,70.1,21.0,8.9
2023,Rio de Janeiro,33079706,CE DALVA DE OLIVEIRA,Estadual,61.0,22.4,16.6
2023,Rio de Janeiro,33079714,CE ENGENHEIRO JOAO THOME,Estadual,84.8,4.4,10.8
2023,Rio de Janeiro,33079803,CE MARIETA CUNHA DA SILVA,Estadual,77.9,21.9,0.2
2023,Rio de Janeiro,33079811,CE MILTON CAMPOS,Estadual,77.5,22.5,0.0
2023,Rio de Janeiro,33079820,CE MOACYR PADILHA,Estadual,70.7,18.3,11.0
2023,Rio de Janeiro,33079900,CE RAMIZ GALVAO,Estadual,75.7,11.3,13.0
2023,Rio de Janeiro,33079943,CE JOAO SALIM MIGUEL,Estadual,93.3,6.4,0.3
2023,Rio de Janeiro,33081743,CIE MIECIMO DA SILVA,Estadual,94.3,5.7,0.0
2023,Rio de Janeiro,33082022,CE FRANCISCO CALDEIRA DE ALVARENGA,Estadual,72.6,16.6,10.8
2023,Rio de Janeiro,33082030,CE FREIRE ALLEMAO,Estadual,69.4,4.8,25.8
2023,Rio de Janeiro,33082049,CE PROFESSOR FERNANDO ANTONIO RAJA GABAGLIA,Estadual,86.8,13.0,0.2
2023,Rio de Janeiro,33082146,CE DOUTOR ALBERT SABIN,Estadual,74.0,25.8,0.2
2023,Rio de Janeiro,33082227,CE ALMIRANTE FRONTIN,Estadual,67.5,18.8,13.7
2023,Rio de Janeiro,33082235,CE AMAZONAS,Estadual,80.6,16.1,3.3
2023,Rio de Janeiro,33082286,CE GEORGE WASHINGTON,Estadual,89.8,2.3,7.9
2023,Rio de Janeiro,33082316,CE JOAO PROENCA,Estadual,46.7,23.2,30.1
2023,Rio de Janeiro,33082332,CE PRESIDENTE ANTONIO CARLOS,Estadual,59.1,14.3,26.6
2023,Rio de Janeiro,33082359,CE PROFESSORA JUREMA PECANHA GIRAUD,Estadual,52.4,47.6,0.0
2023,Rio de Janeiro,33082375,CE RAINHA VITORIA,Estadual,77.3,5.7,17.0
2023,Rio de Janeiro,33082430,CE PROFESSOR VIEIRA FAZENDA,Estadual,78.9,11.7,9.4
2023,Rio de Janeiro,33083592,IE SARAH KUBITSCHEK,Estadual,88.9,10.3,0.8
2023,Rio de Janeiro,33084238,CE BARAO DO RIO BRANCO,Estadual,81.4,14.2,4.4
2023,Rio de Janeiro,33084459,CE PESTALOZZI,Estadual,71.1,28.6,0.3
2023,Rio de Janeiro,33085463,CE ANITA GARIBALDI,Estadual,64.7,27.0,8.3
2023,Rio de Janeiro,33085480,CE LEONEL AZEVEDO,Estadual,55.1,44.9,0.0
2023,Rio de Janeiro,33085498,CE PREFEITO MENDES DE MORAES,Estadual,64.0,32.0,4.0
2023,Rio de Janeiro,33085765,CE DUNSHEE DE ABRANCHES,Estadual,89.4,7.2,3.4
2023,Rio de Janeiro,33085838,CE ROTARY,Estadual,59.6,21.2,19.2
2023,Rio de Janeiro,33086427,CE AUGUSTO RUSCHI,Estadual,73.1,26.9,0.0
2023,Rio de Janeiro,33086540,CE ACARI,Estadual,54.1,21.6,24.3
2023,Rio de Janeiro,33086567,CE GRACILIANO RAMOS,Estadual,68.8,25.0,6.2
2023,Rio de Janeiro,33086575,CE GUADALUPE,Estadual,50.7,26.0,23.3
2023,Rio de Janeiro,33086583,CE MARECHAL JOAO BAPTISTA DE MATTOS,Estadual,63.4,32.1,4.5
2023,Rio de Janeiro,33086591,CE PROFESSOR JOEL DE OLIVEIRA,Estadual,78.2,21.8,0.0
2023,Rio de Janeiro,33086605,CE PROFESSOR MANUEL MAURICIO DE ALBUQUERQUE,Estadual,78.1,16.0,5.9
2023,Rio de Janeiro,33086613,CE PROFESSORA ELIANE MARTINS DANTAS BRASIL ALEMANHA,Estadual,97.0,2.5,0.5
2023,Rio de Janeiro,33086729,CE BELGICA,Estadual,73.5,13.5,13.0
2023,Rio de Janeiro,33086737,CE COELHO NETO,Estadual,51.3,27.8,20.9
2023,Rio de Janeiro,33086796,CE PARAIBA,Estadual,60.2,22.6,17.2
2023,Rio de Janeiro,33087644,CE VICENTE JANNUZZI,Estadual,88.3,6.3,5.4
2023,Rio de Janeiro,33087725,CE GILSON AMADO,Estadual,79.6,13.5,6.9
2023,Rio de Janeiro,33087733,CE GOLDA MEIR,Estadual,62.2,28.9,8.9
2023,Rio de Janeiro,33087750,CE ALMIRANTE TAMANDARE,Estadual,79.7,9.2,11.1
2023,Rio de Janeiro,33088152,CE JORNALISTA RODOLFO FERNANDES,Estadual,67.0,3.6,29.4
2023,Rio de Janeiro,33088179,CE MAX FLEIUSS,Estadual,78.8,10.6,10.6
2023,Rio de Janeiro,33088420,CE DEBORAH MENDES DE MORAES,Estadual,91.9,4.4,3.7
2023,Rio de Janeiro,33095078,CE BERNARDO DE VASCONCELOS,Estadual,76.5,5.2,18.3
2023,Rio de Janeiro,33096759,CIEP 173 RAINHA NZINGA DE ANGOLA,Estadual,60.9,39.1,0.0
2023,Rio de Janeiro,33097038,CIEP 326 PROFESSOR CESAR PERNETTA,Estadual,61.6,9.1,29.3
2023,Rio de Janeiro,33097283,CIEP 321 DOUTOR ULISSES GUIMARAES,Estadual,73.2,16.4,10.4
2023,Rio de Janeiro,33100659,CAIC NACOES UNIDAS,Estadual,70.4,22.5,7.1
2023,Rio de Janeiro,33102210,CIEP 241 NACAO MANGUEIRENSE GOVERNADOR LEONEL DE MOURA BRIZOLA,Estadual,64.8,29.7,5.5
2023,Rio de Janeiro,33104638,CIEP 195 ANIBAL MACHADO,Estadual,77.0,4.9,18.1
2023,Rio de Janeiro,33105065,CAIC EUCLYDES DA CUNHA,Estadual,77.3,14.4,8.3
2023,Rio de Janeiro,33105103,CIEP 303 AYRTON SENNA DA SILVA,Estadual,87.6,12.4,0.0
2023,Rio de Janeiro,33105219,CIEP 379 RAUL SEIXAS,Estadual,76.6,17.0,6.4
2023,Rio de Janeiro,33105294,CIEP 311 DEPUTADO BOCAYUVA CUNHA,Estadual,77.3,20.2,2.5
2023,Rio de Janeiro,33106550,CIEP 223 OLYMPIO MARQUES DOS SANTOS,Estadual,72.2,24.8,3.0
2023,Rio de Janeiro,33106584,CIEP 336 OCTAVIO MALTA,Estadual,73.8,13.0,13.2
2023,Rio de Janeiro,33106592,CIEP 435 HELIO PELLEGRINO,Estadual,82.8,11.7,5.5
2023,Rio de Janeiro,33106606,CIEP 224 TARSO DE CASTRO,Estadual,69.8,26.0,4.2
2023,Rio de Janeiro,33106614,CIEP 386 GUILHERME DA SILVEIRA FILHO,Estadual,80.3,17.4,2.3
2023,Rio de Janeiro,33106630,CIEP 382 ASPIRANTE FRANCISCO MEGA,Estadual,69.4,23.9,6.7
2023,Rio de Janeiro,33106649,CIEP 312 RAUL RYFF,Estadual,87.4,8.9,3.7
2023,Rio de Janeiro,33106657,CIEP 183 JOAO VITTA,Estadual,74.5,24.8,0.7
2023,Rio de Janeiro,33106665,CIEP 432 ALBERTO CAVALCANTI,Estadual,81.6,12.3,6.1
2023,Rio de Janeiro,33106673,CIEP 392 MARIO DE ANDRADE,Estadual,69.7,22.6,7.7
2023,Rio de Janeiro,33106681,CIEP 305 HEITOR DOS PRAZERES,Estadual,72.2,14.3,13.5
2023,Rio de Janeiro,33106690,CIEP 225 MARIO QUINTANA,Estadual,74.9,23.3,1.8
2023,Rio de Janeiro,33106703,CIEP 244 OSWALDO ARANHA,Estadual,65.3,31.7,3.0
2023,Rio de Janeiro,33106711,CIEP 362 ROBERTO BURLE MARX,Estadual,70.4,20.4,9.2
2023,Rio de Janeiro,33106720,CIEP 313 RUBEM BRAGA,Estadual,59.3,22.3,18.4
2023,Rio de Janeiro,33106738,CIEP 433 TOGO RENAN SOARES KANELA,Estadual,66.7,26.5,6.8
2023,Rio de Janeiro,33106746,CIEP 165 BRIGADEIRO SERGIO CARVALHO,Estadual,58.5,29.6,11.9
2023,Rio de Janeiro,33110476,CIEP 418 ANTONIO CARLOS BERNARDES MUSSUM,Estadual,71.4,10.1,18.5
2023,Rio de Janeiro,33110638,CIEP 205 FREI AGOSTINHO FINCIAS,Estadual,64.8,22.0,13.2
2023,Rio de Janeiro,33110646,CIEP 323 MARIA WERNECK DE CASTRO,Estadual,73.2,12.6,14.2
2023,Rio de Janeiro,33110654,CIEP 092 FEDERICO FELLINI,Estadual,73.2,13.5,13.3
2023,Rio de Janeiro,33111626,CE LUIZA MAHIN,Estadual,100.0,0.0,0.0
2023,Rio de Janeiro,33111707,CE CANDEIA,Estadual,80.0,20.0,0.0
2023,Rio de Janeiro,33117950,CE PROFESSOR AUGUSTO MOTTA,Estadual,66.1,14.4,19.5
2023,Rio de Janeiro,33117969,ESCOLA TECNICA ESTADUAL ADOLPHO BLOCH,Estadual,91.7,5.0,3.3
2023,Rio de Janeiro,33117977,ESCOLA TECNICA ESTADUAL SANTA CRUZ,Estadual,96.1,3.0,0.9
2023,Rio de Janeiro,33120692,CAIC THEOPHILO DE SOUZA PINTO,Estadual,49.7,25.4,24.9
2023,Rio de Janeiro,33124620,CE PADRE CARLOS LEONCIO DA SILVA,Estadual,68.0,32.0,0.0
2023,Rio de Janeiro,33124922,CE OLAVO JOSINO DE SALLES,Estadual,58.1,20.6,21.3
2023,Rio de Janeiro,33125304,CE MISSIONARIO MARIO WAY,Estadual,80.3,17.0,2.7
2023,Rio de Janeiro,33125317,CE PROFESSORA LUIZA MARINHO,Estadual,77.2,14.6,8.2
2023,Rio de Janeiro,33125333,CE IRINEU JOSE FERREIRA,Estadual,82.5,12.2,5.3
2023,Rio de Janeiro,33125341,CE CORA CORALINA,Estadual,64.2,6.2,29.6
2023,Rio de Janeiro,33125627,CE MINISTRO MARCOS FREIRE,Estadual,58.9,39.6,1.5
2023,Rio de Janeiro,33125740,CE PAULO FREIRE,Estadual,80.0,10.6,9.4
2023,Rio de Janeiro,33125805,CE TEOFILO MOREIRA DA COSTA,Estadual,86.2,13.8,0.0
2023,Rio de Janeiro,33126105,CE FINLANDIA,Estadual,82.1,4.1,13.8
2023,Rio de Janeiro,33126160,CE OLGA BENARIO PRESTES,Estadual,79.5,10.4,10.1
2023,Rio de Janeiro,33126216,CE PROFESSORA DIUMA MADEIRA SALLES DE SOUZA,Estadual,76.4,22.4,1.2
2023,Rio de Janeiro,33126224,CE HERBERT DE SOUZA,Estadual,71.3,26.7,2.0
2023,Rio de Janeiro,33126232,CE COMPOSITOR LUIZ GONZAGA,Estadual,82.7,6.7,10.6
2023,Rio de Janeiro,33126259,CE ROSA LUXEMBURGO,Estadual,74.2,10.2,15.6
2023,Rio de Janeiro,33126267,CE PROFESSOR HORACIO MACEDO,Estadual,90.1,9.5,0.4
2023,Rio de Janeiro,33126747,CE MADRE TERESA DE CALCUTA,Estadual,82.0,18.0,0.0
2023,Rio de Janeiro,33126755,CE MONTEIRO DE CARVALHO,Estadual,72.9,27.1,0.0
2023,Rio de Janeiro,33126852,CE PROFESSORA MARIA NAZARETH CAVALCANTI SILVA,Estadual,71.2,18.3,10.5
2023,Rio de Janeiro,33126941,CE CHIQUINHA GONZAGA,Estadual,77.8,17.1,5.1
2023,Rio de Janeiro,33127395,CE MINISTRO OROZIMBO NONATO,Estadual,55.8,23.3,20.9
2023,Rio de Janeiro,33127514,CE MARECHAL RONDON,Estadual,65.6,28.4,6.0
2023,Rio de Janeiro,33128235,CIEP 339 MARIO TAMBORINDEGUY,Estadual,72.3,19.2,8.5
2023,Rio de Janeiro,33128618,CE CARLOS MAGNO NAZARETH CERQUEIRA,Estadual,72.9,15.8,11.3
2023,Rio de Janeiro,33132879,CE DOM HELDER CAMARA,Estadual,77.3,22.7,0.0
2023,Rio de Janeiro,33132887,CE COMPOSITOR MANACEIA JOSE DE ANDRADE,Estadual,72.7,18.8,8.5
2023,Rio de Janeiro,33134049,CE PROFESSORA MARIA TEREZINHA DE CARVALHO MACHADO,Estadual,73.3,8.0,18.7
2023,Rio de Janeiro,33135193,CE PROFESSOR JOSE DE SOUZA MARQUES,Estadual,71.2,24.2,4.6
2023,Rio de Janeiro,33136424,CE PROFESSORA VILMA ATANAZIO,Estadual,83.7,16.0,0.3
2023,Rio de Janeiro,33136432,CE PROFESSORA VANIA DO AMARAL MATIAS EDDE,Estadual,79.8,14.0,6.2
2023,Rio de Janeiro,33136459,CE PROFESSORA ALBA CANIZARES DO NASCIMENTO,Estadual,64.4,5.1,30.5
2023,Rio de Janeiro,33136475,CE MONSENHOR MIGUEL DE SANTA MARIA MOCHON,Estadual,90.9,7.5,1.6
2023,Rio de Janeiro,33136483,CE GANDHI,Estadual,77.0,23.0,0.0
2023,Rio de Janeiro,33136505,CE PROFESSORA JEANNETTE DE SOUZA COELHO MANNARINO,Estadual,81.8,12.5,5.7
2023,Rio de Janeiro,33136513,CE ROSARIA TROTTA,Estadual,65.6,28.7,5.7
2023,Rio de Janeiro,33136696,CE LIBERDADE,Estadual,80.6,8.8,10.6
2023,Rio de Janeiro,33138354,CE PROFESSOR OZEAS GOMES LARANGEIRAS,Estadual,87.7,10.6,1.7
2023,Rio de Janeiro,33138648,CE STELLA MATUTINA,Estadual,80.7,17.1,2.2
2023,Rio de Janeiro,33139156,CE PROFESSORA SONIA REGINA SCUDESE DESSIMONI PINTO,Estadual,73.9,22.8,3.3
2023,Rio de Janeiro,33140030,CE CONDE PEREIRA CARNEIRO,Estadual,58.6,16.0,25.4
2023,Rio de Janeiro,33140049,CE OSWALDO TEIXEIRA,Estadual,81.7,9.6,8.7
2023,Rio de Janeiro,33140669,CE JORNALISTA TIM LOPES,Estadual,64.8,28.1,7.1
2023,Rio de Janeiro,33140715,CE ANTONIO HOUAISS,Estadual,70.4,23.3,6.3
2023,Rio de Janeiro,33146950,CE PROFESSORA MARIA DE LOURDES DE OLIVEIRA LAVOR TIA LAVOR,Estadual,73.5,19.4,7.1
2023,Rio de Janeiro,33149119,CE CARLOS ARNOLDO ABRUZZINI DA FONSECA,Estadual,77.8,14.6,7.6
2023,Rio de Janeiro,33157065,CE ERICH WALTER HEINE,Estadual,97.8,2.0,0.2
2023,Rio de Janeiro,33170150,CE HEBE CAMARGO,Estadual,92.2,7.8,0.0
2023,Rio de Janeiro,33173010,CE JORNALISTA MAURICIO AZEDO BRASILINDIA,Estadual,92.3,7.2,0.5
2023,Rio de Janeiro,33183724,CE ARTHUR ANTONIO SENDAS,Estadual,81.2,5.8,13.0
2023,Rio de Janeiro,33186383,SEGUNDO COLEGIO DA POLICIA MILITAR DO ESTADO DO RIO DE JANEIRO,Estadual,89.4,10.6,0.0
2023,Rio de Janeiro,33271208,CE JOSE LEITE LOPES,Estadual,85.8,14.2,0.0
2023,Rio de Janeiro,33439222,CE COMPOSITOR LUIZ CARLOS DA VILA,Estadual,62.7,24.2,13.1
2023,Rio de Janeiro,33508232,CE JORNALISTA ARTUR DA TAVOLA,Estadual,77.6,15.0,7.4
2023,Rio de Janeiro,33558230,CE DEPUTADO PEDRO FERNANDES,Estadual,62.5,16.8,20.7
2023,São Gonçalo,33051879,CE DOUTOR MOACYR MEIRELLES PADILHA,Estadual,53.4,31.3,15.3
2023,São Gonçalo,33088870,CIEP 430 CARLOS MARIGHELLA,Estadual,74.1,18.5,7.4
2023,São Gonçalo,33088896,CIEP 306 DEPUTADO DAVID QUINDERE,Estadual,90.2,9.8,0.0
2023,São Gonçalo,33088900,CIEP 249 PASTOR WALDEMAR ZARRO,Estadual,65.3,22.2,12.5
2023,São Gonçalo,33088926,CIEP 240 PROFESSOR HAROLDO TEIXEIRA VALLADAO,Estadual,85.0,11.3,3.7
2023,São Gonçalo,33088942,CIEP 248 PROFESSOR TULIO RODRIGUES PERLINGEIRO,Estadual,70.8,18.5,10.7
2023,São Gonçalo,33088950,CIEP 052 PROFESSORA ROMANDA GOUVEIA GONCALVES,Estadual,82.9,12.9,4.2
2023,São Gonçalo,33089043,CE ARMANDO GONCALVES,Estadual,72.8,16.2,11.0
2023,São Gonçalo,33089051,CE DOUTOR ADINO XAVIER,Estadual,86.1,11.6,2.3
2023,São Gonçalo,33089060,CE ISMAEL BRANCO,Estadual,64.4,35.6,0.0
2023,São Gonçalo,33089086,CE MINISTRO JOSE DE MOURA E SILVA,Estadual,90.3,7.9,1.8
2023,São Gonçalo,33089094,CE NILO PECANHA,Estadual,84.2,13.9,1.9
2023,São Gonçalo,33089108,CE PANDIA CALOGERAS,Estadual,79.4,17.4,3.2
2023,São Gonçalo,33089124,CE PADRE MANUEL DA NOBREGA,Estadual,78.3,16.0,5.7
2023,São Gonçalo,33089388,CE FREDERICO AZEVEDO,Estadual,62.8,28.6,8.6
2023,São Gonçalo,33089396,CE LAURO CORREA,Estadual,80.4,14.9,4.7
2023,São Gonçalo,33089426,CE MONSENHOR BARENCO COELHO,Estadual,65.6,32.3,2.1
2023,São Gonçalo,33089469,CE PROFESSORA ANTONIETA PALMEIRA,Estadual,84.5,13.3,2.2
2023,São Gonçalo,33089841,IE CLELIA NANCI,Estadual,82.2,17.8,0.0
2023,São Gonçalo,33090149,CIEP 122 ERMEZINDA DIONISIO NECCO,Estadual,73.3,22.4,4.3
2023,São Gonçalo,33090157,CIEP 126 ALMEDORINA AZEREDO,Estadual,85.0,15.0,0.0
2023,São Gonçalo,33090165,CIEP 440 MAJOR JOAQUIM DE AZEVEDO COUTINHO,Estadual,66.7,12.8,20.5
2023,São Gonçalo,33090173,CIEP 410 PATRICIA GALVAOPAGU,Estadual,84.5,11.4,4.1
2023,São Gonçalo,33090246,CE DORVAL FERREIRA DA CUNHA,Estadual,67.9,30.0,2.1
2023,São Gonçalo,33090270,CE AMANDA VELASCO,Estadual,84.4,12.4,3.2
2023,São Gonçalo,33090300,CE AUGUSTO CEZARIO DIAZ ANDRE,Estadual,89.6,6.3,4.1
2023,São Gonçalo,33090327,CE DESEMBARGADOR FERREIRA PINTO,Estadual,68.9,23.7,7.4
2023,São Gonçalo,33090343,CE DOUTOR HUMBERTO SOEIRO DE CARVALHO,Estadual,84.3,13.4,2.3
2023,São Gonçalo,33090351,CE DOUTOR RODOLPHO SIQUEIRA,Estadual,80.7,15.0,4.3
2023,São Gonçalo,33090378,CE ELIZA MARIA DUTRA,Estadual,81.2,11.3,7.5
2023,São Gonçalo,33090424,CE PROFESSORA ADELIA MARTINS,Estadual,68.4,31.6,0.0
2023,São Gonçalo,33090432,CE PROFESSORA DALILA DE OLIVEIRA COSTA,Estadual,81.8,18.2,0.0
2023,São Gonçalo,33090440,CE PROFESSOR FRANCISCO DE PAULA ACHILLES,Estadual,94.7,1.3,4.0
2023,São Gonçalo,33090459,CE PROFESSORA ODYSSEA SILVEIRA DE SIQUEIRA,Estadual,87.5,12.5,0.0
2023,São Gonçalo,33090475,CE VITAL BRASIL,Estadual,88.0,7.7,4.3
2023,São Gonçalo,33090653,CIEP 121 PROFESSOR JOADELIO CODECO,Estadual,79.5,14.0,6.5
2023,São Gonçalo,33090670,CIEP 050 PABLO NERUDA,Estadual,78.5,17.0,4.5
2023,São Gonçalo,33090688,CIEP 239 PROFESSORA ELZA VIANNA FIALHO,Estadual,54.9,8.4,36.7
2023,São Gonçalo,33090726,CE TRASILBO FILGUEIRAS,Estadual,71.8,23.4,4.8
2023,São Gonçalo,33090815,CE ALECRIM,Estadual,89.1,10.9,0.0
2023,São Gonçalo,33090823,CE CORONEL SERRADO,Estadual,83.9,9.7,6.4
2023,São Gonçalo,33090831,CE DOM ANTONIO DE ALMEIDA MORAES JUNIOR,Estadual,92.0,7.5,0.5
2023,São Gonçalo,33090840,CE DOUTOR ARMANDO SA COUTO,Estadual,84.1,15.9,0.0
2023,São Gonçalo,33090882,CE MAUA,Estadual,92.3,6.7,1.0
2023,São Gonçalo,33090904,CE VILA GUARANI,Estadual,84.1,7.2,8.7
2023,São Gonçalo,33091196,CE SANTOS DIAS,Estadual,88.7,11.3,0.0
2023,São Gonçalo,33091200,CE WALTER ORLANDINE,Estadual,84.8,14.6,0.6
2023,São Gonçalo,33091323,CE SUBTENENTE PM MARCO ANTONIO GRIPP,Estadual,90.6,9.4,0.0
2023,São Gonçalo,33091340,CE CAPITAO OSWALDO ORNELLAS,Estadual,83.1,8.5,8.4
2023,São Gonçalo,33091382,CE CORONEL FRANCISCO LIMA,Estadual,90.8,9.2,0.0
2023,São Gonçalo,33091390,CE CORONEL JOAO TARCISIO BUENO,Estadual,77.9,19.5,2.6
2023,São Gonçalo,33091447,CE MELCHIADES PICANCO,Estadual,71.4,20.7,7.9
2023,São Gonçalo,33091757,CIEP 246 PROFESSORA ADALGISA CABRAL DE FARIA,Estadual,76.1,18.8,5.1
2023,São Gonçalo,33091765,CE PAULINO PINHEIRO BAPTISTA,Estadual,78.4,15.5,6.1
2023,São Gonçalo,33091897,CE CORONEL PM MARCUS JARDIM,Estadual,93.3,6.7,0.0
2023,São Gonçalo,33096970,CIEP 309 ZUZU ANGEL BRASILCOLOMBIA,Estadual,80.6,11.0,8.4
2023,São Gonçalo,33096988,CIEP 412 DOUTOR ZERBINI,Estadual,76.3,19.8,3.9
2023,São Gonçalo,33103879,CIEP 413 ADAO PEREIRA NUNES BRASIL MEXICO,Estadual,94.8,3.3,1.9
2023,São Gonçalo,33103887,CIEP 408 SERGIO CARDOSO,Estadual,78.6,21.4,0.0
2023,São Gonçalo,33103909,CIEP 238 DOUTOR ILTON FARIA DA COSTA,Estadual,66.9,27.3,5.8
2023,São Gonçalo,33103917,CIEP 423 MORA GUIMARAES,Estadual,79.8,9.5,10.7
2023,São Gonçalo,33103925,CIEP 421 DEPUTADA CRISTINA TAVARES,Estadual,78.7,14.9,6.4
2023,São Gonçalo,33103941,CIEP 422 NICANOR FERREIRA NUNES,Estadual,80.0,12.0,8.0
2023,São Gonçalo,33103968,CIEP 439 LUIZ GONZAGA JUNIOR GONZAGUINHA,Estadual,77.4,16.3,6.3
2023,São Gonçalo,33104182,CIEP 409 PROFESSORA ALAIDE DE FIGUEREDO SANTOS,Estadual,76.3,13.3,10.4
2023,São Gonçalo,33114366,CE MARIO TAMBORINDEGUY,Estadual,77.6,17.1,5.3
2023,São Gonçalo,33507210,CE COMENDADOR VALENTIM DOS SANTOS DINIZ,Estadual,94.0,6.0,0.0
2023,São Gonçalo,33518238,CIEP 513 GEORGE SAVALLA GOMES PALHACO CAREQUINHA,Estadual,61.9,15.9,22.2
